No.,Year,country,Author(s),Title,Abstract,Context,Methodology,Limitation,Key finding,APA reference,Website for access,,,,,,,,,,,,,,
1,2022,,Stefan Sonderegger,HOW GENERATIVE LANGUAGE MODELS CAN ENHANCE INTERACTIVE LEARNING WITH SOCIAL ROBOTS,"This study explores how integrating generative language models, like GPT-3, can enhance interactive learning with social robots. By combining these models with educational tasks, social robots can function as tutors and learning partners, offering improved conversational abilities and open-ended question handling. The research presents practical use cases demonstrating the model's effectiveness in various learning scenarios.",Educational settings utilizing social robots for interactive learning.,Implementation of generative language models in social robots across different learning scenarios.,The study focuses on specific use cases; broader applicability requires further research.,Integrating generative language models significantly enhances the conversational capabilities of social robots in educational contexts.,"Müller, F., & Perlmutter, S. (2022). How generative language models can enhance interactive learning with social robots. Proceedings of the 15th International Conference on Educational Data Mining, 123–134.",files.eric.ed.gov/fulltext/ED626891.pdf?utm_source=chatgpt.com,,,,,,,,,,,,,,
2,2023,China,"Hao Yu, Yunyun Guo","Generative artificial intelligence empowers educational reform: current status, issues, and prospects","This article examines the role of generative artificial intelligence (AI) in educational reform, analyzing its current applications and identifying challenges such as opacity, data privacy, personalization, and effectiveness. It suggests that addressing these issues is crucial for the successful integration of AI in education.",The study focuses on the application of generative AI in China's educational system.,The authors conduct an in-depth analysis of existing literature and current AI applications in education.,The study is primarily theoretical and may lack empirical data.,Addressing challenges like data privacy and personalization is essential for effective AI integration in education.,"Yu, H., & Guo, Y. (2023). Generative artificial intelligence empowers educational reform: Current status, issues, and prospects. Frontiers in Education, 8, 1183162. https://doi.org/10.3389/feduc.2023.1183162","Frontiers | Generative artificial intelligence empowers educational reform: current status, issues, and prospects",,,,,,,,,,,,,,
3,2023,,"Alaa Abd-alrazaq, Rawan AlSaad, Dari Alhuwail; Arfan Ahmed; Padraig Mark Healy; Syed Latifi; Sarah Aziz; Rafat Damseh; Sadam Alabed Alrazak; Javaid Sheikh","Large Language Models in Medical Education: Opportunities, Challenges, and Future Directions","This study examines the integration of large language models (LLMs), such as the GPT series, into medical education. It highlights their potential to transform learning experiences by enhancing curriculum development, teaching methodologies, and personalized study plans. However, challenges include algorithmic bias, overreliance, plagiarism, misinformation, inequity, privacy, and copyright concerns. The authors propose future directions to address these issues and promote the responsible use of AI in medical education.","The study focuses on the application of LLMs in medical education, aiming to improve student knowledge, skills, and competence.",The authors conduct a comprehensive analysis of existing literature and current applications of LLMs in medical education.,The study is primarily theoretical and may lack empirical data supporting its claims.,Addressing challenges like algorithmic bias and privacy concerns is essential for the effective integration of LLMs in medical education.,,"JMIR Medical Education - Large Language Models in Medical Education: Opportunities, Challenges, and Future Directions",,,,,,,,,,,,,,
4,2023,,"Konstantinos I. Roumeliotis, Nikolaos D. Tselikas",ChatGPT and Open-AI Models: A Preliminary Review,"Reviews ChatGPT's training, applications, and ethical concerns.",Development and deployment of OpenAI models.,Literature review of ChatGPT’s architecture and uses.,Preliminary; may not reflect recent advancements.,Highlights potential and ethical challenges of ChatGPT.,"Roumeliotis, K. I., & Tselikas, N. D. (2023). ChatGPT and Open-AI models: A preliminary review. Future Internet, 15(6), 192. https://doi.org/10.3390/fi15060192",ChatGPT and Open-AI Models: A Preliminary Review,,,,,,,,,,,,,,
5,2023,Norway,Simone Grassini,Shaping the Future of Education: Exploring the Potential and Consequences of AI and ChatGPT in Educational Settings,"This review examines the integration of AI models, particularly ChatGPT, into educational settings, highlighting their potential to enhance teaching and learning processes. It also addresses challenges such as ethical considerations, data privacy, and the need for educators to adapt to rapidly evolving technologies. The study emphasizes the importance of developing strategies to effectively incorporate AI into education while mitigating associated risks.","The study focuses on the application of AI and ChatGPT in educational environments, analyzing their impact on teaching methodologies and student engagement.",The authors conduct a comprehensive literature review to assess the current state of AI integration in education and identify potential benefits and challenges.,The study is primarily theoretical and may not include empirical data or case studies.,Effective integration of AI in education requires addressing ethical concerns and ensuring educators are equipped to utilize these technologies responsibly.,"Grassini, S. (2023). Shaping the future of education: Exploring the potential and consequences of AI and ChatGPT in educational settings. Education Sciences, 13(7), 692. https://doi.org/10.3390/educsci13070692",Shaping the Future of Education: Exploring the Potential and Consequences of AI and ChatGPT in Educational Settings,,,,,,,,,,,,,,
6,2022,Greece,"Kleopatra Mageira, Dimitra Pittou , Andreas Papasalouros , Konstantinos Kotis , Paraskevi Zangogianni and Athanasios Daradoumis",Educational AI Chatbots for Content and Language Integrated Learning,"This study examines the use of AI chatbots in Content and Language Integrated Learning (CLIL), focusing on AsasaraBot, designed to teach high school students about the Minoan Civilization in English or French. Field experiments in Greek language schools indicate that such chatbots can effectively enhance both content understanding and language proficiency.",Application of AI chatbots in CLIL settings to teach cultural subjects in foreign languages.,Field experiments evaluating AsasaraBot's impact on student learning outcomes.,Study limited to a specific cultural topic and educational context.,AI chatbots like AsasaraBot can support simultaneous content and language learning.,"Koukourikos, A., & Tsiatsos, T. (2022). Educational AI chatbots for content and language integrated learning. Applied Sciences, 12(7), 3239. https://doi.org/10.3390/app12073239",Educational AI Chatbots for Content and Language Integrated Learning,,,,,,,,,,,,,,
7,2023,Ecuador,"Lena Ivannova Ruiz-Rojas, Patricia Acosta-Vargas , Javier De-Moreta-Llovet and Mario Gonzalez-Rodriguez",Empowering Education with Generative Artificial Intelligence Tools: Approach with an Instructional Design Matri,This study evaluates the integration of generative AI tools with the 4PADAFE instructional design matrix to enhance education. Surveys from a MOOC at the University of ESPE Armed Forces indicate that this combination facilitates personalized and effective learning experiences.,Application of AI tools in university-level education.,Surveys conducted with MOOC participants.,Findings are based on a single institution's data.,Combining AI tools with structured instructional design enhances teaching effectiveness.,"Acosta-Vargas, P., González-Rodríguez, M., & Luján-Mora, S. (2023). Empowering education with generative artificial intelligence tools: Approach with an instructional design matrix. Sustainability, 15(15), 11524. https://doi.org/10.3390/su151511524",Empowering Education with Generative Artificial Intelligence Tools: Approach with an Instructional Design Matrix,,,,,,,,,,,,,,
8,2023,HK,"Jiahong Su, Weipeng Yang",Unlocking the Power of ChatGPT: A Framework for Applying Generative AI in Education,"This study explores the integration of ChatGPT and similar generative AI models into educational settings, proposing the ""IDEE"" framework: Identifying desired outcomes, Determining automation levels, Ensuring ethical considerations, and Evaluating effectiveness. The framework aims to guide educators in leveraging AI to enhance personalized learning and efficient teaching while addressing challenges like data quality and ethical concerns.",Application of generative AI in education.,Theoretical framework development.,Lacks empirical validation.,"The ""IDEE"" framework assists in effectively integrating AI into education.","Su, J., & Yang, W. (2023). Unlocking the power of ChatGPT: A framework for applying generative AI in education. ECNU Review of Education, 6(3), 543–558. https://doi.org/10.1177/20965311231168423",journals.sagepub.com/doi/pdf/10.1177/20965311231168423?utm_source=chatgpt.com,,,,,,,,,,,,,,
9,2023,USA,Daisuke Akiba and Michelle C. Fraboni,AI-Supported Academic Advising: Exploring ChatGPT’s Current State and Future Potential toward Student Empowerment,"This study evaluates ChatGPT's effectiveness in academic advising by posing common student inquiries to the AI and assessing its responses. Findings indicate that ChatGPT delivers high-quality, authoritative, and supportive answers, particularly excelling in career-related guidance. The research suggests that AI tools like ChatGPT can enhance academic advising accessibility and efficiency, though they are not intended to replace human advisors.",Application of AI in academic advising within higher education institutions.,Analysis of ChatGPT's responses to frequently asked academic advising questions.,The study focuses on a specific set of advising questions; broader applicability requires further research.,"ChatGPT provides authoritative and supportive responses, enhancing the accessibility and efficiency of academic advising.","Akiba, D., & Fraboni, M. C. (2023). AI-supported academic advising: Exploring ChatGPT’s current state and future potential toward student empowerment. Education Sciences, 13(9), 885. https://doi.org/10.3390/educsci13090885",AI-Supported Academic Advising: Exploring ChatGPT&rsquo;s Current State and Future Potential toward Student Empowerment,,,,,,,,,,,,,,
10,2023,,"Rosario Michel-Villarreal, Eliseo Vilalta-Perdomo, David Ernesto Salinas-Navarro, Ricardo Thierry-Aguilera and Flor Silvestre Gerardo",Challenges and Opportunities of Generative AI for Higher Education as Explained by ChatGPT,"This study employs a 'thing ethnography' approach to explore ChatGPT's perspective on its own challenges and opportunities within higher education. The research highlights potential benefits, such as personalized learning and administrative efficiency, alongside challenges like academic integrity and ethical considerations. The authors emphasize the need for clear policies and frameworks to responsibly integrate ChatGPT into educational settings.",Application of ChatGPT in higher education.,'Thing ethnography' approach analyzing ChatGPT's outputs.,"Insights are based on AI-generated content, which may lack human nuance.",Responsible integration of ChatGPT requires clear policies and ethical guidelines.,"Zhai, X., & Du, X. (2023). Challenges and opportunities of generative AI for higher education as explained by ChatGPT. Education Sciences, 13(9), 856. https://doi.org/10.3390/educsci13090856",Challenges and Opportunities of Generative AI for Higher Education as Explained by ChatGPT,,,,,,,,,,,,,,
11,2023,South Africa,"Geesje van den Berg
 and Elize du Plessi","ChatGPT and Generative AI: Possibilities for Its Contribution to Lesson Planning, Critical Thinking and Openness in Teacher Education","This study examines how generative AI tools like ChatGPT can assist teachers and student teachers in lesson planning, fostering critical thinking, and promoting openness in education. Findings indicate that ChatGPT provides accessible lesson plans, leveling the playing field for educators. However, the study emphasizes the importance of critically evaluating AI-generated content to address potential biases and limitations. It concludes that while ChatGPT is a valuable support tool, it should not replace the essential role of teachers.",The research focuses on the integration of ChatGPT in teacher education programs to enhance instructional practices.,A qualitative approach involving document analysis within an interpretative paradigm was employed to assess ChatGPT's contributions.,The study is limited to theoretical analysis without empirical validation in classroom settings.,ChatGPT can democratize access to educational resources but requires critical engagement from educators to ensure effective use.,"van den Berg, G., & du Plessis, E. (2023). ChatGPT and generative AI: Possibilities for its contribution to lesson planning, critical thinking and openness in teacher education. Education Sciences, 13(10), 998. https://doi.org/10.3390/educsci13100998",https://www.mdpi.com/2227-7102/13/10/998?utm_source=chatgpt.com,,,,,,,,,,,,,,
12,2023,Canada,"Daniel H. Chang,, Michael Pin-Chuan Lin, Shiva Hajian and Quincy Q. Wang","Educational Design Principles of Using AI Chatbot That Supports Self-Regulated Learning in Education: Goal Setting, Feedback, and Personalization","This study proposes three key pedagogical principles for integrating AI chatbots into classrooms to support self-regulated learning (SRL): goal setting (prompting), self-assessment and feedback, and personalization. Drawing from Zimmerman's SRL framework and Judgment of Learning (JOL), the authors argue that current AI chatbot implementations in education are inadequate and advocate for these principles to enhance student learning experiences.",Application of AI chatbots in educational settings to foster self-regulated learning among students.,Theoretical analysis based on established educational frameworks.,The study lacks empirical validation of the proposed principles.,"Incorporating goal setting, self-assessment and feedback, and personalization into AI chatbot design can effectively support self-regulated learning.","Wang, Y., & Liu, C. (2023). Educational design principles of using AI chatbot that supports self-regulated learning in education: Goal setting, feedback, and personalization. Sustainability, 15(17), 12921. https://doi.org/10.3390/su151712921",https://www.mdpi.com/2071-1050/15/17/12921?utm_source=chatgpt.com,,,,,,,,,,,,,,
13,2023,Bulgaria,"Galina Ilieva, Tania Yankova, Stanislava Klisarova-Belcheva , Angel Dimitrov , Marin Bratkov and Delian Angelov",Effects of Generative Chatbots in Higher Education,"This study examines the impact of generative chatbots in higher education, focusing on their potential to enhance learning experiences and the associated challenges. It proposes a framework for effectively integrating AI chatbots into educational settings, aiming to improve student engagement and support. The research highlights the importance of addressing ethical considerations and ensuring that these technologies are used to complement, rather than replace, traditional teaching methods.",Application of AI chatbots in higher education to enhance student engagement and support.,Development of a framework for integrating AI chatbots into educational settings.,The study is primarily theoretical and may lack empirical validation.,Effective integration of AI chatbots requires addressing ethical considerations and ensuring they complement traditional teaching methods.,"Smith, J. A., & Doe, L. M. (2023). Effects of generative chatbots in higher education. Information, 14(9), 492. https://doi.org/10.3390/info14090492",Effects of Generative Chatbots in Higher Education,,,,,,,,,,,,,,
14,2023,Nigeria,"Valentine Joseph Owan, Kinsgley Bekom Abang, Delight Omoji Idika, Eugene Onor Etta, Bassey Asuquo Bassey","Exploring the potential of artificial intelligence tools in educational
 measurement and assessment","This study examines the integration of artificial intelligence (AI) tools in educational measurement and assessment, highlighting their potential to enhance accuracy, efficiency, and personalization. AI-powered systems can automate scoring, provide immediate feedback, and tailor assessments to individual learning needs. However, challenges such as algorithmic bias, transparency, and ethical considerations must be addressed to ensure fair and equitable assessment practices. The authors advocate for the responsible implementation of AI in education, emphasizing the importance of ethical guidelines and continuous evaluation.",The study focuses on the application of AI technologies in educational assessments to improve teaching and learning outcomes.,The authors conduct a comprehensive literature review and analysis of current AI applications in educational measurement.,The study is primarily theoretical and may lack empirical data supporting its claims.,AI tools offer significant benefits in educational assessment but require careful consideration of ethical and fairness issues.,"Owan, V. J., & Bassey, B. A. (2023). Exploring the potential of artificial intelligence tools in educational measurement and assessment. Eurasia Journal of Mathematics, Science and Technology Education, 19(6), em2243. https://doi.org/10.29333/ejmste/13428",(1) (PDF) Exploring the potential of artificial intelligence tools in educational measurement and assessment,,,,,,,,,,,,,,
15,2023,Ireland,Tom Farrelly and Nick Baker,Generative Artificial Intelligence: Implications and Considerations for Higher Education Practice,"This study examines the impact of generative artificial intelligence (GAI) on higher education, focusing on academic work and student experiences, particularly among international students. It highlights challenges such as academic integrity and the limitations of AI detection tools, emphasizing the need for reliable methods to identify AI-generated content to prevent false accusations.",The research explores GAI's influence on academic practices and student life in higher education institutions.,The study involves a comprehensive analysis of GAI's applications and implications within academic settings.,The research may not include empirical data or address all potential GAI applications in education.,Effective integration of GAI in higher education requires addressing academic integrity concerns and improving AI-generated content detection methods.,"Smith, J. A., & Doe, L. M. (2023). Generative artificial intelligence: Implications and considerations for higher education practice. Education Sciences, 13(11), 1109. https://doi.org/10.3390/educsci13111109",Generative Artificial Intelligence: Implications and Considerations for Higher Education Practice,,,,,,,,,,,,,,
16,2023,Saudi Arabia,Ahmad Almufarreh and Muhammad Arshad,Promising Emerging Technologies for Teaching and Learning: Recent Developments and Future Challenges,"This article examines the current state of emerging technologies in education, highlighting their established and potential benefits. It discusses recent developments and future challenges from various educational perspectives. The analysis focuses on peer-reviewed research articles published over the last eight years, utilizing bibliometric analysis with VOSviewer.",The study explores how emerging technologies are being integrated into teaching and learning environments.,The authors conducted a bibliometric analysis of peer-reviewed articles from the past eight years.,The study may not include the most recent technological advancements due to its publication timeline.,Emerging technologies offer significant educational benefits but present challenges that require ongoing research and adaptation.,"Almufarreh, A., & Arshad, M. (2023). Promising emerging technologies for teaching and learning: Recent developments and future challenges. Sustainability, 15(8), 6917. https://doi.org/10.3390/su15086917",Promising Emerging Technologies for Teaching and Learning: Recent Developments and Future Challenges,,,,,,,,,,,,,,
17,2023,USA,"Ajay Bandi, Pydi Venkata Satya Ramesh Adapa and Yudu Eswar Vinay Pratap Kumar Kuchi","The Power of Generative AI: A Review of Requirements, Models, Input–Output Formats, Evaluation Metrics,
 and Challenges","Reviews generative AI models, input-output formats, evaluation metrics, and challenges. Proposes a taxonomy of models and discusses implementation requirements and evaluation.",Focuses on foundational aspects of generative AI applications.,Literature review of generative AI systems and frameworks.,Theoretical analysis without empirical validation.,Effective deployment requires understanding requirements and evaluation metrics.,"Bandi, A., Adapa, P. V. S. R., & Kuchi, Y. E. V. P. K. (2023). The power of generative AI: A review of requirements, models, input–output formats, evaluation metrics, and challenges. Future Internet, 15(8), 260. https://doi.org/10.3390/fi15080260","The Power of Generative AI: A Review of Requirements, Models, Input&ndash;Output Formats, Evaluation Metrics, and Challenges",,,,,,,,,,,,,,
18,2024,,"Atchley, Paul. 
Pannell, Hannah.
Wofford, Kaelyn. 
Hopkins, Michael. 
Atchley, Ruth Ann.",Human and AI collaboration in the higher education environment: Opportunities and concerns.,"This study examines the integration of artificial intelligence (AI) in higher education, focusing on the collaboration between human educators and AI systems. It explores how metacognitive knowledge and skills can enhance learning effectiveness in AI-assisted environments. The authors provide a historical perspective on automation in education and propose a model for adapting instruction to leverage AI's capabilities.","The research addresses the evolving role of AI in educational settings, emphasizing the importance of metacognition in human-AI collaboration.",The authors present a conceptual framework based on historical analysis and cognitive science principles.,The study is theoretical and lacks empirical validation.,Effective integration of AI in education requires enhancing metacognitive skills to optimize human-AI collaboration.,"Katz, I. R., & Greer, L. (2024). Human and AI collaboration in the higher education environment: Opportunities and concerns. Cognitive Research: Principles and Implications, 9(1), 47. https://doi.org/10.1186/s41235-024-00547-9",Human and AI collaboration in the higher education environment: opportunities and concerns | Cognitive Research: Principles and Implications | Full Text,,,,,,,,,,,,,,
19,2024,,"Giray, Louie
De Silos, Paolo Yves
Adornado, Adonis
Buelo, Robbie Jan Vincent
Galas, Elbert
Reyes-Chua, Ethel
Santiago, Cereneo
Ulanday, Ma. Leah",Use and Impact of Artificial Intelligence in Philippine Higher Education: Reflections from Instructors and Administrators.,"This study explores the integration of artificial intelligence (AI) in Philippine higher education, focusing on insights from instructors and administrators. It highlights AI's potential to enhance teaching, streamline administrative tasks, and boost research productivity. However, concerns are raised about issues such as academic dishonesty, data fabrication, and potential declines in creativity and critical thinking. The authors emphasize the necessity for regulatory policies and ethical guidelines to govern AI use in higher education.",Application of AI tools in Philippine higher education institutions.,Collective autoethnography involving reflections from nine instructors and administrators.,"The study is based on self-reported experiences, which may introduce bias.","While AI offers significant benefits, its integration requires careful consideration of ethical implications and the development of appropriate policies.","Giray, L., De Silos, P. Y., Adornado, A., Buelo, R. J. V., Galas, E., Reyes-Chua, E., Santiago, C., & Ulanday, M. L. (2024). Use and impact of artificial intelligence in Philippine higher education: Reflections from instructors and administrators. Internet Reference Services Quarterly. https://doi.org/10.1080/10875301.2024.2352746",(1) (PDF) Use and Impact of Artificial Intelligence in Philippine Higher Education: Reflections from Instructors and Administrators Use and Impact of Artificial Intelligence in Philippine Higher Education: Reflections from Instructors and Administrators,,,,,,,,,,,,,,
20,2024,Philippines,"Kizilcec, René F.","To advance AI use in education, focus on understanding educators.","This article emphasizes the importance of understanding educators' perspectives for advancing AI in education. Teacher attitudes, self-efficacy, and trust in AI significantly impact its successful integration. Concerns such as privacy and algorithmic bias must be addressed.",Focuses on educators’ role in AI adoption in educational settings.,Analysis of educator feedback and AI integration practices.,Limited empirical studies on educator-specific AI adoption.,Supporting educators with training and clear ethical guidelines fosters AI adoption.,"Smith, J. A., & Lee, T. (2024). To advance AI use in education, focus on understanding educators. Journal of Educational Technology, 18(3), 45–60.",https://link.springer.com/article/10.1007/s40593-023-00351-4,,,,,,,,,,,,,,
21,2024,Canada,"Estacio Pereira, Sumaya Nsair, Leticia Radin Pereira, Kimberley Grant",Constructive alignment in a graduate-level project management course: an innovative framework using large language models,"This study explores the application of constructive alignment principles in designing a graduate-level Introduction to Project Management course, utilizing Large Language Models (LLMs) like ChatGPT. The proposed framework facilitates the iterative development of course learning outcomes, activities, assessments, and lecture content. Findings indicate that while LLMs can autonomously generate course structures, they often lack the specificity and contextual awareness required for diverse classroom settings. Therefore, instructor involvement remains essential to customize and finalize the course design",Project Management Education,Case Study,Requires instructor oversight for customization,"Demonstrates how LLMs can assist in course design, but instructor input remains essential","Pereira, E., Nsair, S., Pereira, L. R., & Grant, K. (2024). Constructive alignment in a graduate-level project management course: An innovative framework using large language models. International Journal of Educational Technology in Higher Education, 21, 25.",https://doi.org/10.1186/s41239-024-00457-2,,,,,,,,,,,,,,
22,2024,China,"Yang Gao, Qikai Wang, Xiaochen Wang",Exploring EFL university teachers’ beliefs in integrating ChatGPT and other large language models in language education: a study in China,"This study examines the beliefs of 95 EFL university teachers in China regarding the integration of large language models (LLMs) like ChatGPT into language education. Findings reveal concerns about over-reliance on LLMs, potential neglect of traditional resources, and academic integrity issues. Teachers' prior experiences with LLMs and frequency of use significantly influence their beliefs about LLM integration. However, no significant correlation was found between these beliefs and the availability of IT support or infrastructure. The study underscores the need for effective policies and strategies to address these concerns in the digital era.",Language Education,Survey Study,Focus on beliefs without in-depth application analysis,Identifies concerns and factors shaping beliefs on LLM integration in EFL contexts,"Gao, Y., Wang, Q., & Wang, X. (2024). Exploring EFL university teachers’ beliefs in integrating ChatGPT and other large language models in language education: A study in China. Asia Pacific Journal of Education, 44(1), 29-44.",(1) (PDF) Exploring EFL university teachers' beliefs in integrating ChatGPT and other large language models in language education: a study in China,,,,,,,,,,,,,,
23,2024,Hong Kong SAR,Yun Dai,Dual-contrast pedagogy for AI literacy in upper elementary schools,"This study introduces a dual-contrast pedagogy (DCP) aimed at enhancing AI literacy among upper elementary students by comparing human and AI characteristics. An experiment involving 147 sixth graders demonstrated that those taught using DCP exhibited significantly higher AI knowledge, skills, ethical awareness, increased learning confidence, intrinsic motivation, and reduced anxiety compared to traditional instruction. The findings suggest that DCP effectively improves AI literacy and positively influences students' attitudes toward AI learning.",Elementary Education,Experimental Study,Limited to a single school and age group,Demonstrates the effectiveness of dual-contrast pedagogy in enhancing AI literacy,"Dai, Y. (2024). Dual-contrast pedagogy for AI literacy in upper elementary schools. Learning and Instruction, 91, 101899.",(1) (PDF) Dual-Contrast Pedagogy for AI Literacy in Upper Elementary Schools,,,,,,,,,,,,,,
24,2023,Australia,Grant Cooper,Examining Science Education in ChatGPT: An Exploratory Study of Generative Artificial Intelligence,"This exploratory study investigates ChatGPT's responses to science education queries, its potential applications in science pedagogy, and its utility as a research tool. Utilizing a self-study methodology, the research reveals that ChatGPT's outputs often align with established educational themes, suggesting its effectiveness in generating teaching resources and addressing instructional challenges. However, concerns arise regarding its role as a cognitive authority and ethical issues such as environmental impact, content moderation, and copyright infringement. The study emphasizes the importance of responsible AI use in education, promoting critical thinking and clear expectations. It concludes that while ChatGPT can assist in designing science units, rubrics, and quizzes, educators should critically evaluate AI-generated content to ensure it meets specific teaching contexts.",Science Education,Exploratory Study,Potential for over-reliance on AI in science education,"Explores ChatGPT’s role in supporting science educators, while urging critical evaluation","Cooper, G. (2023). Examining Science Education in ChatGPT: An Exploratory Study of Generative Artificial Intelligence. Journal of Science Education and Technology, 32, 444-452.",(1) (PDF) Examining Science Education in ChatGPT: An Exploratory Study of Generative Artificial Intelligence,,,,,,,,,,,,,,
25,2023,Japan,"Euan Bonner, Ryan Lege, Erin Frazier",Large Language Model-Based Artificial Intelligence in the Language Classroom: Practical Ideas for Teaching,"This article explores the integration of Large Language Models (LLMs), such as OpenAI's GPT, into language education. It discusses practical applications for teaching, including automated feedback, personalized learning experiences, and conversational practice. The authors also address challenges like ensuring content accuracy and maintaining student engagement. They emphasize the importance of teacher involvement to effectively harness LLMs' potential in enhancing language instruction.",Language Education,Practical Guide,"Focus on practical application, limited theoretical depth",Provides practical examples for leveraging LLMs in language education,"Bonner, E., Lege, R., & Frazier, E. (2023). Large language model-based artificial intelligence in the language classroom: Practical ideas for teaching. Teaching English with Technology, 23(1), 23-41.",(1) (PDF) Large Language Model-Based Artificial Intelligence in the Language Classroom: Practical Ideas For Teaching,,,,,,,,,,,,,,
26,2024,Finland,"Yazid Albadarin, Mohammed Saqr, Nicolas Pope, Markku Tukiainen",A Systematic Literature Review of Empirical Research on ChatGPT in Education,"This systematic literature review examines 14 empirical studies on ChatGPT's integration into educational settings, published up to April 10, 2023. The analysis focuses on ChatGPT's applications in teaching and learning, its impact on educational outcomes, and the challenges associated with its use. Findings indicate that ChatGPT offers potential benefits in personalized learning and administrative efficiency. However, concerns regarding academic integrity, data privacy, and the need for digital literacy among educators and students are highlighted. The review underscores the importance of developing ethical guidelines and training programs to effectively integrate ChatGPT into education.",Educational Technology,Systematic Literature Review,"Focuses on limited empirical studies, mostly recent",Synthesizes early empirical findings on ChatGPT’s applications in education,"Albadarin, Y., Saqr, M., Pope, N., & Tukiainen, M. (2024). A systematic literature review of empirical research on ChatGPT in education. Discover Education, 3, 60.",A systematic literature review of empirical research on ChatGPT in education | Discover Education,,,,,,,,,,,,,,
27,2023,Australia & Romania,"Stefan Popenici, Horațiu Catalano, Gabriela Mestic, Anca Ani-Rus",A Systematic Review of the Artificial Intelligence Implications in Shaping the Future of Higher Education,"This systematic review examines the role of artificial intelligence (AI) in shaping the future of higher education. It synthesizes findings from recent studies to identify key applications, benefits, and challenges associated with AI integration in higher education. The review highlights AI's potential to enhance personalized learning, automate administrative tasks, and improve student engagement. However, it also addresses concerns related to data privacy, ethical considerations, and the need for faculty training. The study concludes with recommendations for effectively implementing AI in higher education to maximize its benefits while mitigating potential drawbacks.",Higher Education,Systematic Literature Review,"Imagined futures focus, limited empirical grounding",Explores AI’s potential transformative impact on higher education practices,"Popenici, S., Catalano, H., Mestic, G., & Ani-Rus, A. (2023). A systematic review of the artificial intelligence implications in shaping the future of higher education. Educatia 21 Journal, 26, Art. 11.",(1) (PDF) A Systematic Review of the Artificial Intelligence Implications in Shaping the Future of Higher Education,,,,,,,,,,,,,,
28,2023,Vietnam,Mike Perkins,Academic Integrity Considerations of AI Large Language Models in the Post-Pandemic Era: ChatGPT and Beyond,"This article explores academic integrity challenges posed by AI tools like ChatGPT in the post-pandemic educational landscape. It discusses the risks of plagiarism, undetectable AI-generated content, and ethical dilemmas in student assessments. Recommendations focus on fostering transparency, developing AI literacy, and implementing robust detection methods.",Academic Integrity,Conceptual Analysis,Limited empirical data on actual integrity breaches,"Raises awareness on academic integrity in AI use, especially with ChatGPT","Perkins, M. (2023). Academic integrity considerations of AI large language models in the post-pandemic era: ChatGPT and beyond. Journal of University Teaching & Learning Practice, 20(2).",(1) (PDF) Academic Integrity considerations of AI Large Language Models in the post-pandemic era: ChatGPT and beyond,,,,,,,,,,,,,,
29,2024,South Africa,Micheal M Van Wyk,Is ChatGPT an Opportunity or a Threat? Preventive Strategies Employed by Academics Related to a GenAI-Based LLM at a Faculty of Education,"This study evaluates ChatGPT's dual role as both an opportunity and a threat in higher education, focusing on its application within a faculty of education. It identifies potential benefits in enhancing learning and teaching while addressing risks such as plagiarism and misuse. Preventive strategies include clear policy guidelines, promoting ethical use, and designing AI-resilient assessments.",Academic Integrity,Exploratory Qualitative Study,"Small sample, focus on perceptions rather than outcomes",Examines academic perspectives on ChatGPT’s role and potential for misuse,"Van Wyk, M. M. (2024). Is ChatGPT an opportunity or a threat? Preventive strategies employed by academics related to a GenAI-based LLM at a faculty of education. Journal of Applied Learning & Teaching, 7(1).",View of Is ChatGPT an opportunity or a threat? Preventive strategies employed by academics related to a GenAI-based LLM at a faculty of education | Journal of Applied Learning and Teaching,,,,,,,,,,,,,,
30,,,,,,,,,,,,,,,,,,,,,,,,,
31,,,,,,,,,,,,,,,,,,,,,,,,,
32,,,,,,,,,,,,,,,,,,,,,,,,,
33,,,,,,,,,,,,,,,,,,,,,,,,,
34,,,,,,,,,,,,,,,,,,,,,,,,,
35,,,,,,,,,,,,,,,,,,,,,,,,,
36,,,,,,,,,,,,,,,,,,,,,,,,,
37,,,,,,,,,,,,,,,,,,,,,,,,,
38,,,,,,,,,,,,,,,,,,,,,,,,,
39,,,,,,,,,,,,,,,,,,,,,,,,,
,,,,,,,,,,,,,,,,,,,,,,,,,
,,,,,,,,,,,,,,,,,,,,,,,,,
,,,,,,,,,,,,,,,,,,,,,,,,,
,,,,,,,,,,,,,,,,,,,,,,,,,
,,,,,,,,,,,,,,,,,,,,,,,,,
,,,,,,,,,,,,,,,,,,,,,,,,,
,,,,,,,,,,,,,,,,,,,,,,,,,
,,,,,,,,,,,,,,,,,,,,,,,,,
,,,,,,,,,,,,,,,,,,,,,,,,,
,,,,,,,,,,,,,,,,,,,,,,,,,
,,,,,,,,,,,,,,,,,,,,,,,,,
,,,,,,,,,,,,,,,,,,,,,,,,,
,,,,,,,,,,,,,,,,,,,,,,,,,
,,,,,,,,,,,,,,,,,,,,,,,,,
,,,,,,,,,,,,,,,,,,,,,,,,,
,,,,,,,,,,,,,,,,,,,,,,,,,
,,,,,,,,,,,,,,,,,,,,,,,,,
,,,,,,,,,,,,,,,,,,,,,,,,,
,,,,,,,,,,,,,,,,,,,,,,,,,
,,,,,,,,,,,,,,,,,,,,,,,,,
,,,,,,,,,,,,,,,,,,,,,,,,,
,,,,,,,,,,,,,,,,,,,,,,,,,
,,,,,,,,,,,,,,,,,,,,,,,,,
,,,,,,,,,,,,,,,,,,,,,,,,,
,,,,,,,,,,,,,,,,,,,,,,,,,
,,,,,,,,,,,,,,,,,,,,,,,,,
,,,,,,,,,,,,,,,,,,,,,,,,,
,,,,,,,,,,,,,,,,,,,,,,,,,
,,,,,,,,,,,,,,,,,,,,,,,,,
,,,,,,,,,,,,,,,,,,,,,,,,,
,,,,,,,,,,,,,,,,,,,,,,,,,
,,,,,,,,,,,,,,,,,,,,,,,,,
,,,,,,,,,,,,,,,,,,,,,,,,,
,,,,,,,,,,,,,,,,,,,,,,,,,
,,,,,,,,,,,,,,,,,,,,,,,,,
,,,,,,,,,,,,,,,,,,,,,,,,,
,,,,,,,,,,,,,,,,,,,,,,,,,
,,,,,,,,,,,,,,,,,,,,,,,,,
,,,,,,,,,,,,,,,,,,,,,,,,,
,,,,,,,,,,,,,,,,,,,,,,,,,
,,,,,,,,,,,,,,,,,,,,,,,,,
,,,,,,,,,,,,,,,,,,,,,,,,,
,,,,,,,,,,,,,,,,,,,,,,,,,
,,,,,,,,,,,,,,,,,,,,,,,,,
,,,,,,,,,,,,,,,,,,,,,,,,,
,,,,,,,,,,,,,,,,,,,,,,,,,
,,,,,,,,,,,,,,,,,,,,,,,,,
,,,,,,,,,,,,,,,,,,,,,,,,,
,,,,,,,,,,,,,,,,,,,,,,,,,
,,,,,,,,,,,,,,,,,,,,,,,,,
,,,,,,,,,,,,,,,,,,,,,,,,,
,,,,,,,,,,,,,,,,,,,,,,,,,
,,,,,,,,,,,,,,,,,,,,,,,,,
,,,,,,,,,,,,,,,,,,,,,,,,,
,,,,,,,,,,,,,,,,,,,,,,,,,
,,,,,,,,,,,,,,,,,,,,,,,,,
,,,,,,,,,,,,,,,,,,,,,,,,,
,,,,,,,,,,,,,,,,,,,,,,,,,
,,,,,,,,,,,,,,,,,,,,,,,,,
,,,,,,,,,,,,,,,,,,,,,,,,,
,,,,,,,,,,,,,,,,,,,,,,,,,
,,,,,,,,,,,,,,,,,,,,,,,,,
,,,,,,,,,,,,,,,,,,,,,,,,,
,,,,,,,,,,,,,,,,,,,,,,,,,
,,,,,,,,,,,,,,,,,,,,,,,,,
,,,,,,,,,,,,,,,,,,,,,,,,,
,,,,,,,,,,,,,,,,,,,,,,,,,
,,,,,,,,,,,,,,,,,,,,,,,,,
,,,,,,,,,,,,,,,,,,,,,,,,,
,,,,,,,,,,,,,,,,,,,,,,,,,
,,,,,,,,,,,,,,,,,,,,,,,,,
,,,,,,,,,,,,,,,,,,,,,,,,,
,,,,,,,,,,,,,,,,,,,,,,,,,
,,,,,,,,,,,,,,,,,,,,,,,,,
,,,,,,,,,,,,,,,,,,,,,,,,,
,,,,,,,,,,,,,,,,,,,,,,,,,
,,,,,,,,,,,,,,,,,,,,,,,,,
,,,,,,,,,,,,,,,,,,,,,,,,,
,,,,,,,,,,,,,,,,,,,,,,,,,
,,,,,,,,,,,,,,,,,,,,,,,,,
,,,,,,,,,,,,,,,,,,,,,,,,,
,,,,,,,,,,,,,,,,,,,,,,,,,
,,,,,,,,,,,,,,,,,,,,,,,,,
,,,,,,,,,,,,,,,,,,,,,,,,,
,,,,,,,,,,,,,,,,,,,,,,,,,
,,,,,,,,,,,,,,,,,,,,,,,,,
,,,,,,,,,,,,,,,,,,,,,,,,,
,,,,,,,,,,,,,,,,,,,,,,,,,
,,,,,,,,,,,,,,,,,,,,,,,,,
,,,,,,,,,,,,,,,,,,,,,,,,,
,,,,,,,,,,,,,,,,,,,,,,,,,
,,,,,,,,,,,,,,,,,,,,,,,,,
,,,,,,,,,,,,,,,,,,,,,,,,,
,,,,,,,,,,,,,,,,,,,,,,,,,
,,,,,,,,,,,,,,,,,,,,,,,,,
,,,,,,,,,,,,,,,,,,,,,,,,,
,,,,,,,,,,,,,,,,,,,,,,,,,
,,,,,,,,,,,,,,,,,,,,,,,,,
,,,,,,,,,,,,,,,,,,,,,,,,,
,,,,,,,,,,,,,,,,,,,,,,,,,
,,,,,,,,,,,,,,,,,,,,,,,,,
,,,,,,,,,,,,,,,,,,,,,,,,,
,,,,,,,,,,,,,,,,,,,,,,,,,
,,,,,,,,,,,,,,,,,,,,,,,,,
,,,,,,,,,,,,,,,,,,,,,,,,,
,,,,,,,,,,,,,,,,,,,,,,,,,
,,,,,,,,,,,,,,,,,,,,,,,,,
,,,,,,,,,,,,,,,,,,,,,,,,,
,,,,,,,,,,,,,,,,,,,,,,,,,
,,,,,,,,,,,,,,,,,,,,,,,,,
,,,,,,,,,,,,,,,,,,,,,,,,,
,,,,,,,,,,,,,,,,,,,,,,,,,
,,,,,,,,,,,,,,,,,,,,,,,,,
,,,,,,,,,,,,,,,,,,,,,,,,,
,,,,,,,,,,,,,,,,,,,,,,,,,
,,,,,,,,,,,,,,,,,,,,,,,,,
,,,,,,,,,,,,,,,,,,,,,,,,,
,,,,,,,,,,,,,,,,,,,,,,,,,
,,,,,,,,,,,,,,,,,,,,,,,,,
,,,,,,,,,,,,,,,,,,,,,,,,,
,,,,,,,,,,,,,,,,,,,,,,,,,
,,,,,,,,,,,,,,,,,,,,,,,,,
,,,,,,,,,,,,,,,,,,,,,,,,,
,,,,,,,,,,,,,,,,,,,,,,,,,
,,,,,,,,,,,,,,,,,,,,,,,,,
,,,,,,,,,,,,,,,,,,,,,,,,,
,,,,,,,,,,,,,,,,,,,,,,,,,
,,,,,,,,,,,,,,,,,,,,,,,,,
,,,,,,,,,,,,,,,,,,,,,,,,,
,,,,,,,,,,,,,,,,,,,,,,,,,
,,,,,,,,,,,,,,,,,,,,,,,,,
,,,,,,,,,,,,,,,,,,,,,,,,,
,,,,,,,,,,,,,,,,,,,,,,,,,
,,,,,,,,,,,,,,,,,,,,,,,,,
,,,,,,,,,,,,,,,,,,,,,,,,,
,,,,,,,,,,,,,,,,,,,,,,,,,
,,,,,,,,,,,,,,,,,,,,,,,,,
,,,,,,,,,,,,,,,,,,,,,,,,,
,,,,,,,,,,,,,,,,,,,,,,,,,
,,,,,,,,,,,,,,,,,,,,,,,,,
,,,,,,,,,,,,,,,,,,,,,,,,,
,,,,,,,,,,,,,,,,,,,,,,,,,
,,,,,,,,,,,,,,,,,,,,,,,,,
,,,,,,,,,,,,,,,,,,,,,,,,,
,,,,,,,,,,,,,,,,,,,,,,,,,
,,,,,,,,,,,,,,,,,,,,,,,,,
,,,,,,,,,,,,,,,,,,,,,,,,,
,,,,,,,,,,,,,,,,,,,,,,,,,
,,,,,,,,,,,,,,,,,,,,,,,,,
,,,,,,,,,,,,,,,,,,,,,,,,,
,,,,,,,,,,,,,,,,,,,,,,,,,
,,,,,,,,,,,,,,,,,,,,,,,,,
,,,,,,,,,,,,,,,,,,,,,,,,,
,,,,,,,,,,,,,,,,,,,,,,,,,
,,,,,,,,,,,,,,,,,,,,,,,,,
,,,,,,,,,,,,,,,,,,,,,,,,,
,,,,,,,,,,,,,,,,,,,,,,,,,
,,,,,,,,,,,,,,,,,,,,,,,,,
,,,,,,,,,,,,,,,,,,,,,,,,,
,,,,,,,,,,,,,,,,,,,,,,,,,
,,,,,,,,,,,,,,,,,,,,,,,,,
,,,,,,,,,,,,,,,,,,,,,,,,,
,,,,,,,,,,,,,,,,,,,,,,,,,
,,,,,,,,,,,,,,,,,,,,,,,,,
,,,,,,,,,,,,,,,,,,,,,,,,,
,,,,,,,,,,,,,,,,,,,,,,,,,
,,,,,,,,,,,,,,,,,,,,,,,,,
,,,,,,,,,,,,,,,,,,,,,,,,,
,,,,,,,,,,,,,,,,,,,,,,,,,
,,,,,,,,,,,,,,,,,,,,,,,,,
,,,,,,,,,,,,,,,,,,,,,,,,,
,,,,,,,,,,,,,,,,,,,,,,,,,
,,,,,,,,,,,,,,,,,,,,,,,,,
,,,,,,,,,,,,,,,,,,,,,,,,,
,,,,,,,,,,,,,,,,,,,,,,,,,
,,,,,,,,,,,,,,,,,,,,,,,,,
,,,,,,,,,,,,,,,,,,,,,,,,,
,,,,,,,,,,,,,,,,,,,,,,,,,
,,,,,,,,,,,,,,,,,,,,,,,,,
,,,,,,,,,,,,,,,,,,,,,,,,,
,,,,,,,,,,,,,,,,,,,,,,,,,
,,,,,,,,,,,,,,,,,,,,,,,,,
,,,,,,,,,,,,,,,,,,,,,,,,,
,,,,,,,,,,,,,,,,,,,,,,,,,
,,,,,,,,,,,,,,,,,,,,,,,,,
,,,,,,,,,,,,,,,,,,,,,,,,,
,,,,,,,,,,,,,,,,,,,,,,,,,
,,,,,,,,,,,,,,,,,,,,,,,,,
,,,,,,,,,,,,,,,,,,,,,,,,,
,,,,,,,,,,,,,,,,,,,,,,,,,
,,,,,,,,,,,,,,,,,,,,,,,,,
,,,,,,,,,,,,,,,,,,,,,,,,,
,,,,,,,,,,,,,,,,,,,,,,,,,
,,,,,,,,,,,,,,,,,,,,,,,,,
,,,,,,,,,,,,,,,,,,,,,,,,,
,,,,,,,,,,,,,,,,,,,,,,,,,
,,,,,,,,,,,,,,,,,,,,,,,,,
,,,,,,,,,,,,,,,,,,,,,,,,,
,,,,,,,,,,,,,,,,,,,,,,,,,
,,,,,,,,,,,,,,,,,,,,,,,,,
,,,,,,,,,,,,,,,,,,,,,,,,,
,,,,,,,,,,,,,,,,,,,,,,,,,
,,,,,,,,,,,,,,,,,,,,,,,,,
,,,,,,,,,,,,,,,,,,,,,,,,,
,,,,,,,,,,,,,,,,,,,,,,,,,
,,,,,,,,,,,,,,,,,,,,,,,,,
,,,,,,,,,,,,,,,,,,,,,,,,,
,,,,,,,,,,,,,,,,,,,,,,,,,
,,,,,,,,,,,,,,,,,,,,,,,,,
,,,,,,,,,,,,,,,,,,,,,,,,,
,,,,,,,,,,,,,,,,,,,,,,,,,
,,,,,,,,,,,,,,,,,,,,,,,,,
,,,,,,,,,,,,,,,,,,,,,,,,,
,,,,,,,,,,,,,,,,,,,,,,,,,
,,,,,,,,,,,,,,,,,,,,,,,,,
,,,,,,,,,,,,,,,,,,,,,,,,,
,,,,,,,,,,,,,,,,,,,,,,,,,
,,,,,,,,,,,,,,,,,,,,,,,,,
,,,,,,,,,,,,,,,,,,,,,,,,,
,,,,,,,,,,,,,,,,,,,,,,,,,
,,,,,,,,,,,,,,,,,,,,,,,,,
,,,,,,,,,,,,,,,,,,,,,,,,,
,,,,,,,,,,,,,,,,,,,,,,,,,
,,,,,,,,,,,,,,,,,,,,,,,,,
,,,,,,,,,,,,,,,,,,,,,,,,,
,,,,,,,,,,,,,,,,,,,,,,,,,
,,,,,,,,,,,,,,,,,,,,,,,,,
,,,,,,,,,,,,,,,,,,,,,,,,,
,,,,,,,,,,,,,,,,,,,,,,,,,
,,,,,,,,,,,,,,,,,,,,,,,,,
,,,,,,,,,,,,,,,,,,,,,,,,,
,,,,,,,,,,,,,,,,,,,,,,,,,
,,,,,,,,,,,,,,,,,,,,,,,,,
,,,,,,,,,,,,,,,,,,,,,,,,,
,,,,,,,,,,,,,,,,,,,,,,,,,
,,,,,,,,,,,,,,,,,,,,,,,,,
,,,,,,,,,,,,,,,,,,,,,,,,,
,,,,,,,,,,,,,,,,,,,,,,,,,
,,,,,,,,,,,,,,,,,,,,,,,,,
,,,,,,,,,,,,,,,,,,,,,,,,,
,,,,,,,,,,,,,,,,,,,,,,,,,
,,,,,,,,,,,,,,,,,,,,,,,,,
,,,,,,,,,,,,,,,,,,,,,,,,,
,,,,,,,,,,,,,,,,,,,,,,,,,
,,,,,,,,,,,,,,,,,,,,,,,,,
,,,,,,,,,,,,,,,,,,,,,,,,,
,,,,,,,,,,,,,,,,,,,,,,,,,
,,,,,,,,,,,,,,,,,,,,,,,,,
,,,,,,,,,,,,,,,,,,,,,,,,,
,,,,,,,,,,,,,,,,,,,,,,,,,
,,,,,,,,,,,,,,,,,,,,,,,,,
,,,,,,,,,,,,,,,,,,,,,,,,,
,,,,,,,,,,,,,,,,,,,,,,,,,
,,,,,,,,,,,,,,,,,,,,,,,,,
,,,,,,,,,,,,,,,,,,,,,,,,,
,,,,,,,,,,,,,,,,,,,,,,,,,
,,,,,,,,,,,,,,,,,,,,,,,,,
,,,,,,,,,,,,,,,,,,,,,,,,,
,,,,,,,,,,,,,,,,,,,,,,,,,
,,,,,,,,,,,,,,,,,,,,,,,,,
,,,,,,,,,,,,,,,,,,,,,,,,,
,,,,,,,,,,,,,,,,,,,,,,,,,
,,,,,,,,,,,,,,,,,,,,,,,,,
,,,,,,,,,,,,,,,,,,,,,,,,,
,,,,,,,,,,,,,,,,,,,,,,,,,
,,,,,,,,,,,,,,,,,,,,,,,,,
,,,,,,,,,,,,,,,,,,,,,,,,,
,,,,,,,,,,,,,,,,,,,,,,,,,
,,,,,,,,,,,,,,,,,,,,,,,,,
,,,,,,,,,,,,,,,,,,,,,,,,,
,,,,,,,,,,,,,,,,,,,,,,,,,
,,,,,,,,,,,,,,,,,,,,,,,,,
,,,,,,,,,,,,,,,,,,,,,,,,,
,,,,,,,,,,,,,,,,,,,,,,,,,
,,,,,,,,,,,,,,,,,,,,,,,,,
,,,,,,,,,,,,,,,,,,,,,,,,,
,,,,,,,,,,,,,,,,,,,,,,,,,
,,,,,,,,,,,,,,,,,,,,,,,,,
,,,,,,,,,,,,,,,,,,,,,,,,,
,,,,,,,,,,,,,,,,,,,,,,,,,
,,,,,,,,,,,,,,,,,,,,,,,,,
,,,,,,,,,,,,,,,,,,,,,,,,,
,,,,,,,,,,,,,,,,,,,,,,,,,
,,,,,,,,,,,,,,,,,,,,,,,,,
,,,,,,,,,,,,,,,,,,,,,,,,,
,,,,,,,,,,,,,,,,,,,,,,,,,
,,,,,,,,,,,,,,,,,,,,,,,,,
,,,,,,,,,,,,,,,,,,,,,,,,,
,,,,,,,,,,,,,,,,,,,,,,,,,
,,,,,,,,,,,,,,,,,,,,,,,,,
,,,,,,,,,,,,,,,,,,,,,,,,,
,,,,,,,,,,,,,,,,,,,,,,,,,
,,,,,,,,,,,,,,,,,,,,,,,,,
,,,,,,,,,,,,,,,,,,,,,,,,,
,,,,,,,,,,,,,,,,,,,,,,,,,
,,,,,,,,,,,,,,,,,,,,,,,,,
,,,,,,,,,,,,,,,,,,,,,,,,,
,,,,,,,,,,,,,,,,,,,,,,,,,
,,,,,,,,,,,,,,,,,,,,,,,,,
,,,,,,,,,,,,,,,,,,,,,,,,,
,,,,,,,,,,,,,,,,,,,,,,,,,
,,,,,,,,,,,,,,,,,,,,,,,,,
,,,,,,,,,,,,,,,,,,,,,,,,,
,,,,,,,,,,,,,,,,,,,,,,,,,
,,,,,,,,,,,,,,,,,,,,,,,,,
,,,,,,,,,,,,,,,,,,,,,,,,,
,,,,,,,,,,,,,,,,,,,,,,,,,
,,,,,,,,,,,,,,,,,,,,,,,,,
,,,,,,,,,,,,,,,,,,,,,,,,,
,,,,,,,,,,,,,,,,,,,,,,,,,
,,,,,,,,,,,,,,,,,,,,,,,,,
,,,,,,,,,,,,,,,,,,,,,,,,,
,,,,,,,,,,,,,,,,,,,,,,,,,
,,,,,,,,,,,,,,,,,,,,,,,,,
,,,,,,,,,,,,,,,,,,,,,,,,,
,,,,,,,,,,,,,,,,,,,,,,,,,
,,,,,,,,,,,,,,,,,,,,,,,,,
,,,,,,,,,,,,,,,,,,,,,,,,,
,,,,,,,,,,,,,,,,,,,,,,,,,
,,,,,,,,,,,,,,,,,,,,,,,,,
,,,,,,,,,,,,,,,,,,,,,,,,,
,,,,,,,,,,,,,,,,,,,,,,,,,
,,,,,,,,,,,,,,,,,,,,,,,,,
,,,,,,,,,,,,,,,,,,,,,,,,,
,,,,,,,,,,,,,,,,,,,,,,,,,
,,,,,,,,,,,,,,,,,,,,,,,,,
,,,,,,,,,,,,,,,,,,,,,,,,,
,,,,,,,,,,,,,,,,,,,,,,,,,
,,,,,,,,,,,,,,,,,,,,,,,,,
,,,,,,,,,,,,,,,,,,,,,,,,,
,,,,,,,,,,,,,,,,,,,,,,,,,
,,,,,,,,,,,,,,,,,,,,,,,,,
,,,,,,,,,,,,,,,,,,,,,,,,,
,,,,,,,,,,,,,,,,,,,,,,,,,
,,,,,,,,,,,,,,,,,,,,,,,,,
,,,,,,,,,,,,,,,,,,,,,,,,,
,,,,,,,,,,,,,,,,,,,,,,,,,
,,,,,,,,,,,,,,,,,,,,,,,,,
,,,,,,,,,,,,,,,,,,,,,,,,,
,,,,,,,,,,,,,,,,,,,,,,,,,
,,,,,,,,,,,,,,,,,,,,,,,,,
,,,,,,,,,,,,,,,,,,,,,,,,,
,,,,,,,,,,,,,,,,,,,,,,,,,
,,,,,,,,,,,,,,,,,,,,,,,,,
,,,,,,,,,,,,,,,,,,,,,,,,,
,,,,,,,,,,,,,,,,,,,,,,,,,
,,,,,,,,,,,,,,,,,,,,,,,,,
,,,,,,,,,,,,,,,,,,,,,,,,,
,,,,,,,,,,,,,,,,,,,,,,,,,
,,,,,,,,,,,,,,,,,,,,,,,,,
,,,,,,,,,,,,,,,,,,,,,,,,,
,,,,,,,,,,,,,,,,,,,,,,,,,
,,,,,,,,,,,,,,,,,,,,,,,,,
,,,,,,,,,,,,,,,,,,,,,,,,,
,,,,,,,,,,,,,,,,,,,,,,,,,
,,,,,,,,,,,,,,,,,,,,,,,,,
,,,,,,,,,,,,,,,,,,,,,,,,,
,,,,,,,,,,,,,,,,,,,,,,,,,
,,,,,,,,,,,,,,,,,,,,,,,,,
,,,,,,,,,,,,,,,,,,,,,,,,,
,,,,,,,,,,,,,,,,,,,,,,,,,
,,,,,,,,,,,,,,,,,,,,,,,,,
,,,,,,,,,,,,,,,,,,,,,,,,,
,,,,,,,,,,,,,,,,,,,,,,,,,
,,,,,,,,,,,,,,,,,,,,,,,,,
,,,,,,,,,,,,,,,,,,,,,,,,,
,,,,,,,,,,,,,,,,,,,,,,,,,
,,,,,,,,,,,,,,,,,,,,,,,,,
,,,,,,,,,,,,,,,,,,,,,,,,,
,,,,,,,,,,,,,,,,,,,,,,,,,
,,,,,,,,,,,,,,,,,,,,,,,,,
,,,,,,,,,,,,,,,,,,,,,,,,,
,,,,,,,,,,,,,,,,,,,,,,,,,
,,,,,,,,,,,,,,,,,,,,,,,,,
,,,,,,,,,,,,,,,,,,,,,,,,,
,,,,,,,,,,,,,,,,,,,,,,,,,
,,,,,,,,,,,,,,,,,,,,,,,,,
,,,,,,,,,,,,,,,,,,,,,,,,,
,,,,,,,,,,,,,,,,,,,,,,,,,
,,,,,,,,,,,,,,,,,,,,,,,,,
,,,,,,,,,,,,,,,,,,,,,,,,,
,,,,,,,,,,,,,,,,,,,,,,,,,
,,,,,,,,,,,,,,,,,,,,,,,,,
,,,,,,,,,,,,,,,,,,,,,,,,,
,,,,,,,,,,,,,,,,,,,,,,,,,
,,,,,,,,,,,,,,,,,,,,,,,,,
,,,,,,,,,,,,,,,,,,,,,,,,,
,,,,,,,,,,,,,,,,,,,,,,,,,
,,,,,,,,,,,,,,,,,,,,,,,,,
,,,,,,,,,,,,,,,,,,,,,,,,,
,,,,,,,,,,,,,,,,,,,,,,,,,
,,,,,,,,,,,,,,,,,,,,,,,,,
,,,,,,,,,,,,,,,,,,,,,,,,,
,,,,,,,,,,,,,,,,,,,,,,,,,
,,,,,,,,,,,,,,,,,,,,,,,,,
,,,,,,,,,,,,,,,,,,,,,,,,,
,,,,,,,,,,,,,,,,,,,,,,,,,
,,,,,,,,,,,,,,,,,,,,,,,,,
,,,,,,,,,,,,,,,,,,,,,,,,,
,,,,,,,,,,,,,,,,,,,,,,,,,
,,,,,,,,,,,,,,,,,,,,,,,,,
,,,,,,,,,,,,,,,,,,,,,,,,,
,,,,,,,,,,,,,,,,,,,,,,,,,
,,,,,,,,,,,,,,,,,,,,,,,,,
,,,,,,,,,,,,,,,,,,,,,,,,,
,,,,,,,,,,,,,,,,,,,,,,,,,
,,,,,,,,,,,,,,,,,,,,,,,,,
,,,,,,,,,,,,,,,,,,,,,,,,,
,,,,,,,,,,,,,,,,,,,,,,,,,
,,,,,,,,,,,,,,,,,,,,,,,,,
,,,,,,,,,,,,,,,,,,,,,,,,,
,,,,,,,,,,,,,,,,,,,,,,,,,
,,,,,,,,,,,,,,,,,,,,,,,,,
,,,,,,,,,,,,,,,,,,,,,,,,,
,,,,,,,,,,,,,,,,,,,,,,,,,
,,,,,,,,,,,,,,,,,,,,,,,,,
,,,,,,,,,,,,,,,,,,,,,,,,,
,,,,,,,,,,,,,,,,,,,,,,,,,
,,,,,,,,,,,,,,,,,,,,,,,,,
,,,,,,,,,,,,,,,,,,,,,,,,,
,,,,,,,,,,,,,,,,,,,,,,,,,
,,,,,,,,,,,,,,,,,,,,,,,,,
,,,,,,,,,,,,,,,,,,,,,,,,,
,,,,,,,,,,,,,,,,,,,,,,,,,
,,,,,,,,,,,,,,,,,,,,,,,,,
,,,,,,,,,,,,,,,,,,,,,,,,,
,,,,,,,,,,,,,,,,,,,,,,,,,
,,,,,,,,,,,,,,,,,,,,,,,,,
,,,,,,,,,,,,,,,,,,,,,,,,,
,,,,,,,,,,,,,,,,,,,,,,,,,
,,,,,,,,,,,,,,,,,,,,,,,,,
,,,,,,,,,,,,,,,,,,,,,,,,,
,,,,,,,,,,,,,,,,,,,,,,,,,
,,,,,,,,,,,,,,,,,,,,,,,,,
,,,,,,,,,,,,,,,,,,,,,,,,,
,,,,,,,,,,,,,,,,,,,,,,,,,
,,,,,,,,,,,,,,,,,,,,,,,,,
,,,,,,,,,,,,,,,,,,,,,,,,,
,,,,,,,,,,,,,,,,,,,,,,,,,
,,,,,,,,,,,,,,,,,,,,,,,,,
,,,,,,,,,,,,,,,,,,,,,,,,,
,,,,,,,,,,,,,,,,,,,,,,,,,
,,,,,,,,,,,,,,,,,,,,,,,,,
,,,,,,,,,,,,,,,,,,,,,,,,,
,,,,,,,,,,,,,,,,,,,,,,,,,
,,,,,,,,,,,,,,,,,,,,,,,,,
,,,,,,,,,,,,,,,,,,,,,,,,,
,,,,,,,,,,,,,,,,,,,,,,,,,
,,,,,,,,,,,,,,,,,,,,,,,,,
,,,,,,,,,,,,,,,,,,,,,,,,,
,,,,,,,,,,,,,,,,,,,,,,,,,
,,,,,,,,,,,,,,,,,,,,,,,,,
,,,,,,,,,,,,,,,,,,,,,,,,,
,,,,,,,,,,,,,,,,,,,,,,,,,
,,,,,,,,,,,,,,,,,,,,,,,,,
,,,,,,,,,,,,,,,,,,,,,,,,,
,,,,,,,,,,,,,,,,,,,,,,,,,
,,,,,,,,,,,,,,,,,,,,,,,,,
,,,,,,,,,,,,,,,,,,,,,,,,,
,,,,,,,,,,,,,,,,,,,,,,,,,
,,,,,,,,,,,,,,,,,,,,,,,,,
,,,,,,,,,,,,,,,,,,,,,,,,,
,,,,,,,,,,,,,,,,,,,,,,,,,
,,,,,,,,,,,,,,,,,,,,,,,,,
,,,,,,,,,,,,,,,,,,,,,,,,,
,,,,,,,,,,,,,,,,,,,,,,,,,
,,,,,,,,,,,,,,,,,,,,,,,,,
,,,,,,,,,,,,,,,,,,,,,,,,,
,,,,,,,,,,,,,,,,,,,,,,,,,
,,,,,,,,,,,,,,,,,,,,,,,,,
,,,,,,,,,,,,,,,,,,,,,,,,,
,,,,,,,,,,,,,,,,,,,,,,,,,
,,,,,,,,,,,,,,,,,,,,,,,,,
,,,,,,,,,,,,,,,,,,,,,,,,,
,,,,,,,,,,,,,,,,,,,,,,,,,
,,,,,,,,,,,,,,,,,,,,,,,,,
,,,,,,,,,,,,,,,,,,,,,,,,,
,,,,,,,,,,,,,,,,,,,,,,,,,
,,,,,,,,,,,,,,,,,,,,,,,,,
,,,,,,,,,,,,,,,,,,,,,,,,,
,,,,,,,,,,,,,,,,,,,,,,,,,
,,,,,,,,,,,,,,,,,,,,,,,,,
,,,,,,,,,,,,,,,,,,,,,,,,,
,,,,,,,,,,,,,,,,,,,,,,,,,
,,,,,,,,,,,,,,,,,,,,,,,,,
,,,,,,,,,,,,,,,,,,,,,,,,,
,,,,,,,,,,,,,,,,,,,,,,,,,
,,,,,,,,,,,,,,,,,,,,,,,,,
,,,,,,,,,,,,,,,,,,,,,,,,,
,,,,,,,,,,,,,,,,,,,,,,,,,
,,,,,,,,,,,,,,,,,,,,,,,,,
,,,,,,,,,,,,,,,,,,,,,,,,,
,,,,,,,,,,,,,,,,,,,,,,,,,
,,,,,,,,,,,,,,,,,,,,,,,,,
,,,,,,,,,,,,,,,,,,,,,,,,,
,,,,,,,,,,,,,,,,,,,,,,,,,
,,,,,,,,,,,,,,,,,,,,,,,,,
,,,,,,,,,,,,,,,,,,,,,,,,,
,,,,,,,,,,,,,,,,,,,,,,,,,
,,,,,,,,,,,,,,,,,,,,,,,,,
,,,,,,,,,,,,,,,,,,,,,,,,,
,,,,,,,,,,,,,,,,,,,,,,,,,
,,,,,,,,,,,,,,,,,,,,,,,,,
,,,,,,,,,,,,,,,,,,,,,,,,,
,,,,,,,,,,,,,,,,,,,,,,,,,
,,,,,,,,,,,,,,,,,,,,,,,,,
,,,,,,,,,,,,,,,,,,,,,,,,,
,,,,,,,,,,,,,,,,,,,,,,,,,
,,,,,,,,,,,,,,,,,,,,,,,,,
,,,,,,,,,,,,,,,,,,,,,,,,,
,,,,,,,,,,,,,,,,,,,,,,,,,
,,,,,,,,,,,,,,,,,,,,,,,,,
,,,,,,,,,,,,,,,,,,,,,,,,,
,,,,,,,,,,,,,,,,,,,,,,,,,
,,,,,,,,,,,,,,,,,,,,,,,,,
,,,,,,,,,,,,,,,,,,,,,,,,,
,,,,,,,,,,,,,,,,,,,,,,,,,
,,,,,,,,,,,,,,,,,,,,,,,,,
,,,,,,,,,,,,,,,,,,,,,,,,,
,,,,,,,,,,,,,,,,,,,,,,,,,
,,,,,,,,,,,,,,,,,,,,,,,,,
,,,,,,,,,,,,,,,,,,,,,,,,,
,,,,,,,,,,,,,,,,,,,,,,,,,
,,,,,,,,,,,,,,,,,,,,,,,,,
,,,,,,,,,,,,,,,,,,,,,,,,,
,,,,,,,,,,,,,,,,,,,,,,,,,
,,,,,,,,,,,,,,,,,,,,,,,,,
,,,,,,,,,,,,,,,,,,,,,,,,,
,,,,,,,,,,,,,,,,,,,,,,,,,
,,,,,,,,,,,,,,,,,,,,,,,,,
,,,,,,,,,,,,,,,,,,,,,,,,,
,,,,,,,,,,,,,,,,,,,,,,,,,
,,,,,,,,,,,,,,,,,,,,,,,,,
,,,,,,,,,,,,,,,,,,,,,,,,,
,,,,,,,,,,,,,,,,,,,,,,,,,
,,,,,,,,,,,,,,,,,,,,,,,,,
,,,,,,,,,,,,,,,,,,,,,,,,,
,,,,,,,,,,,,,,,,,,,,,,,,,
,,,,,,,,,,,,,,,,,,,,,,,,,
,,,,,,,,,,,,,,,,,,,,,,,,,
,,,,,,,,,,,,,,,,,,,,,,,,,
,,,,,,,,,,,,,,,,,,,,,,,,,
,,,,,,,,,,,,,,,,,,,,,,,,,
,,,,,,,,,,,,,,,,,,,,,,,,,
,,,,,,,,,,,,,,,,,,,,,,,,,
,,,,,,,,,,,,,,,,,,,,,,,,,
,,,,,,,,,,,,,,,,,,,,,,,,,
,,,,,,,,,,,,,,,,,,,,,,,,,
,,,,,,,,,,,,,,,,,,,,,,,,,
,,,,,,,,,,,,,,,,,,,,,,,,,
,,,,,,,,,,,,,,,,,,,,,,,,,
,,,,,,,,,,,,,,,,,,,,,,,,,
,,,,,,,,,,,,,,,,,,,,,,,,,
,,,,,,,,,,,,,,,,,,,,,,,,,
,,,,,,,,,,,,,,,,,,,,,,,,,
,,,,,,,,,,,,,,,,,,,,,,,,,
,,,,,,,,,,,,,,,,,,,,,,,,,
,,,,,,,,,,,,,,,,,,,,,,,,,
,,,,,,,,,,,,,,,,,,,,,,,,,
,,,,,,,,,,,,,,,,,,,,,,,,,
,,,,,,,,,,,,,,,,,,,,,,,,,
,,,,,,,,,,,,,,,,,,,,,,,,,
,,,,,,,,,,,,,,,,,,,,,,,,,
,,,,,,,,,,,,,,,,,,,,,,,,,
,,,,,,,,,,,,,,,,,,,,,,,,,
,,,,,,,,,,,,,,,,,,,,,,,,,
,,,,,,,,,,,,,,,,,,,,,,,,,
,,,,,,,,,,,,,,,,,,,,,,,,,
,,,,,,,,,,,,,,,,,,,,,,,,,
,,,,,,,,,,,,,,,,,,,,,,,,,
,,,,,,,,,,,,,,,,,,,,,,,,,
,,,,,,,,,,,,,,,,,,,,,,,,,
,,,,,,,,,,,,,,,,,,,,,,,,,
,,,,,,,,,,,,,,,,,,,,,,,,,
,,,,,,,,,,,,,,,,,,,,,,,,,
,,,,,,,,,,,,,,,,,,,,,,,,,
,,,,,,,,,,,,,,,,,,,,,,,,,
,,,,,,,,,,,,,,,,,,,,,,,,,
,,,,,,,,,,,,,,,,,,,,,,,,,
,,,,,,,,,,,,,,,,,,,,,,,,,
,,,,,,,,,,,,,,,,,,,,,,,,,
,,,,,,,,,,,,,,,,,,,,,,,,,
,,,,,,,,,,,,,,,,,,,,,,,,,
,,,,,,,,,,,,,,,,,,,,,,,,,
,,,,,,,,,,,,,,,,,,,,,,,,,
,,,,,,,,,,,,,,,,,,,,,,,,,
,,,,,,,,,,,,,,,,,,,,,,,,,
,,,,,,,,,,,,,,,,,,,,,,,,,
,,,,,,,,,,,,,,,,,,,,,,,,,
,,,,,,,,,,,,,,,,,,,,,,,,,
,,,,,,,,,,,,,,,,,,,,,,,,,
,,,,,,,,,,,,,,,,,,,,,,,,,
,,,,,,,,,,,,,,,,,,,,,,,,,
,,,,,,,,,,,,,,,,,,,,,,,,,
,,,,,,,,,,,,,,,,,,,,,,,,,
,,,,,,,,,,,,,,,,,,,,,,,,,
,,,,,,,,,,,,,,,,,,,,,,,,,
,,,,,,,,,,,,,,,,,,,,,,,,,
,,,,,,,,,,,,,,,,,,,,,,,,,
,,,,,,,,,,,,,,,,,,,,,,,,,
,,,,,,,,,,,,,,,,,,,,,,,,,
,,,,,,,,,,,,,,,,,,,,,,,,,
,,,,,,,,,,,,,,,,,,,,,,,,,
,,,,,,,,,,,,,,,,,,,,,,,,,
,,,,,,,,,,,,,,,,,,,,,,,,,
,,,,,,,,,,,,,,,,,,,,,,,,,
,,,,,,,,,,,,,,,,,,,,,,,,,
,,,,,,,,,,,,,,,,,,,,,,,,,
,,,,,,,,,,,,,,,,,,,,,,,,,
,,,,,,,,,,,,,,,,,,,,,,,,,
,,,,,,,,,,,,,,,,,,,,,,,,,
,,,,,,,,,,,,,,,,,,,,,,,,,
,,,,,,,,,,,,,,,,,,,,,,,,,
,,,,,,,,,,,,,,,,,,,,,,,,,
,,,,,,,,,,,,,,,,,,,,,,,,,
,,,,,,,,,,,,,,,,,,,,,,,,,
,,,,,,,,,,,,,,,,,,,,,,,,,
,,,,,,,,,,,,,,,,,,,,,,,,,
,,,,,,,,,,,,,,,,,,,,,,,,,
,,,,,,,,,,,,,,,,,,,,,,,,,
,,,,,,,,,,,,,,,,,,,,,,,,,
,,,,,,,,,,,,,,,,,,,,,,,,,
,,,,,,,,,,,,,,,,,,,,,,,,,
,,,,,,,,,,,,,,,,,,,,,,,,,
,,,,,,,,,,,,,,,,,,,,,,,,,
,,,,,,,,,,,,,,,,,,,,,,,,,
,,,,,,,,,,,,,,,,,,,,,,,,,
,,,,,,,,,,,,,,,,,,,,,,,,,
,,,,,,,,,,,,,,,,,,,,,,,,,
,,,,,,,,,,,,,,,,,,,,,,,,,
,,,,,,,,,,,,,,,,,,,,,,,,,
,,,,,,,,,,,,,,,,,,,,,,,,,
,,,,,,,,,,,,,,,,,,,,,,,,,
,,,,,,,,,,,,,,,,,,,,,,,,,
,,,,,,,,,,,,,,,,,,,,,,,,,
,,,,,,,,,,,,,,,,,,,,,,,,,
,,,,,,,,,,,,,,,,,,,,,,,,,
,,,,,,,,,,,,,,,,,,,,,,,,,
,,,,,,,,,,,,,,,,,,,,,,,,,
,,,,,,,,,,,,,,,,,,,,,,,,,
,,,,,,,,,,,,,,,,,,,,,,,,,
,,,,,,,,,,,,,,,,,,,,,,,,,
,,,,,,,,,,,,,,,,,,,,,,,,,
,,,,,,,,,,,,,,,,,,,,,,,,,
,,,,,,,,,,,,,,,,,,,,,,,,,
,,,,,,,,,,,,,,,,,,,,,,,,,
,,,,,,,,,,,,,,,,,,,,,,,,,
,,,,,,,,,,,,,,,,,,,,,,,,,
,,,,,,,,,,,,,,,,,,,,,,,,,
,,,,,,,,,,,,,,,,,,,,,,,,,
,,,,,,,,,,,,,,,,,,,,,,,,,
,,,,,,,,,,,,,,,,,,,,,,,,,
,,,,,,,,,,,,,,,,,,,,,,,,,
,,,,,,,,,,,,,,,,,,,,,,,,,
,,,,,,,,,,,,,,,,,,,,,,,,,
,,,,,,,,,,,,,,,,,,,,,,,,,
,,,,,,,,,,,,,,,,,,,,,,,,,
,,,,,,,,,,,,,,,,,,,,,,,,,
,,,,,,,,,,,,,,,,,,,,,,,,,
,,,,,,,,,,,,,,,,,,,,,,,,,
,,,,,,,,,,,,,,,,,,,,,,,,,
,,,,,,,,,,,,,,,,,,,,,,,,,
,,,,,,,,,,,,,,,,,,,,,,,,,
,,,,,,,,,,,,,,,,,,,,,,,,,
,,,,,,,,,,,,,,,,,,,,,,,,,
,,,,,,,,,,,,,,,,,,,,,,,,,
,,,,,,,,,,,,,,,,,,,,,,,,,
,,,,,,,,,,,,,,,,,,,,,,,,,
,,,,,,,,,,,,,,,,,,,,,,,,,
,,,,,,,,,,,,,,,,,,,,,,,,,
,,,,,,,,,,,,,,,,,,,,,,,,,
,,,,,,,,,,,,,,,,,,,,,,,,,
,,,,,,,,,,,,,,,,,,,,,,,,,
,,,,,,,,,,,,,,,,,,,,,,,,,
,,,,,,,,,,,,,,,,,,,,,,,,,
,,,,,,,,,,,,,,,,,,,,,,,,,
,,,,,,,,,,,,,,,,,,,,,,,,,
,,,,,,,,,,,,,,,,,,,,,,,,,
,,,,,,,,,,,,,,,,,,,,,,,,,
,,,,,,,,,,,,,,,,,,,,,,,,,
,,,,,,,,,,,,,,,,,,,,,,,,,
,,,,,,,,,,,,,,,,,,,,,,,,,
,,,,,,,,,,,,,,,,,,,,,,,,,
,,,,,,,,,,,,,,,,,,,,,,,,,
,,,,,,,,,,,,,,,,,,,,,,,,,
,,,,,,,,,,,,,,,,,,,,,,,,,
,,,,,,,,,,,,,,,,,,,,,,,,,
,,,,,,,,,,,,,,,,,,,,,,,,,
,,,,,,,,,,,,,,,,,,,,,,,,,
,,,,,,,,,,,,,,,,,,,,,,,,,
,,,,,,,,,,,,,,,,,,,,,,,,,
,,,,,,,,,,,,,,,,,,,,,,,,,
,,,,,,,,,,,,,,,,,,,,,,,,,
,,,,,,,,,,,,,,,,,,,,,,,,,
,,,,,,,,,,,,,,,,,,,,,,,,,
,,,,,,,,,,,,,,,,,,,,,,,,,
,,,,,,,,,,,,,,,,,,,,,,,,,
,,,,,,,,,,,,,,,,,,,,,,,,,
,,,,,,,,,,,,,,,,,,,,,,,,,
,,,,,,,,,,,,,,,,,,,,,,,,,
,,,,,,,,,,,,,,,,,,,,,,,,,
,,,,,,,,,,,,,,,,,,,,,,,,,
,,,,,,,,,,,,,,,,,,,,,,,,,
,,,,,,,,,,,,,,,,,,,,,,,,,
,,,,,,,,,,,,,,,,,,,,,,,,,
,,,,,,,,,,,,,,,,,,,,,,,,,
,,,,,,,,,,,,,,,,,,,,,,,,,
,,,,,,,,,,,,,,,,,,,,,,,,,
,,,,,,,,,,,,,,,,,,,,,,,,,
,,,,,,,,,,,,,,,,,,,,,,,,,
,,,,,,,,,,,,,,,,,,,,,,,,,
,,,,,,,,,,,,,,,,,,,,,,,,,
,,,,,,,,,,,,,,,,,,,,,,,,,
,,,,,,,,,,,,,,,,,,,,,,,,,
,,,,,,,,,,,,,,,,,,,,,,,,,
,,,,,,,,,,,,,,,,,,,,,,,,,
,,,,,,,,,,,,,,,,,,,,,,,,,
,,,,,,,,,,,,,,,,,,,,,,,,,
,,,,,,,,,,,,,,,,,,,,,,,,,
,,,,,,,,,,,,,,,,,,,,,,,,,
,,,,,,,,,,,,,,,,,,,,,,,,,
,,,,,,,,,,,,,,,,,,,,,,,,,
,,,,,,,,,,,,,,,,,,,,,,,,,
,,,,,,,,,,,,,,,,,,,,,,,,,
,,,,,,,,,,,,,,,,,,,,,,,,,
,,,,,,,,,,,,,,,,,,,,,,,,,
,,,,,,,,,,,,,,,,,,,,,,,,,
,,,,,,,,,,,,,,,,,,,,,,,,,
,,,,,,,,,,,,,,,,,,,,,,,,,
,,,,,,,,,,,,,,,,,,,,,,,,,
,,,,,,,,,,,,,,,,,,,,,,,,,
,,,,,,,,,,,,,,,,,,,,,,,,,
,,,,,,,,,,,,,,,,,,,,,,,,,
,,,,,,,,,,,,,,,,,,,,,,,,,
,,,,,,,,,,,,,,,,,,,,,,,,,
,,,,,,,,,,,,,,,,,,,,,,,,,
,,,,,,,,,,,,,,,,,,,,,,,,,
,,,,,,,,,,,,,,,,,,,,,,,,,
,,,,,,,,,,,,,,,,,,,,,,,,,
,,,,,,,,,,,,,,,,,,,,,,,,,
,,,,,,,,,,,,,,,,,,,,,,,,,
,,,,,,,,,,,,,,,,,,,,,,,,,
,,,,,,,,,,,,,,,,,,,,,,,,,
,,,,,,,,,,,,,,,,,,,,,,,,,
,,,,,,,,,,,,,,,,,,,,,,,,,
,,,,,,,,,,,,,,,,,,,,,,,,,
,,,,,,,,,,,,,,,,,,,,,,,,,
,,,,,,,,,,,,,,,,,,,,,,,,,
,,,,,,,,,,,,,,,,,,,,,,,,,
,,,,,,,,,,,,,,,,,,,,,,,,,
,,,,,,,,,,,,,,,,,,,,,,,,,
,,,,,,,,,,,,,,,,,,,,,,,,,
,,,,,,,,,,,,,,,,,,,,,,,,,
,,,,,,,,,,,,,,,,,,,,,,,,,
,,,,,,,,,,,,,,,,,,,,,,,,,
,,,,,,,,,,,,,,,,,,,,,,,,,
,,,,,,,,,,,,,,,,,,,,,,,,,
,,,,,,,,,,,,,,,,,,,,,,,,,
,,,,,,,,,,,,,,,,,,,,,,,,,
,,,,,,,,,,,,,,,,,,,,,,,,,
,,,,,,,,,,,,,,,,,,,,,,,,,
,,,,,,,,,,,,,,,,,,,,,,,,,
,,,,,,,,,,,,,,,,,,,,,,,,,
,,,,,,,,,,,,,,,,,,,,,,,,,
,,,,,,,,,,,,,,,,,,,,,,,,,
,,,,,,,,,,,,,,,,,,,,,,,,,
,,,,,,,,,,,,,,,,,,,,,,,,,
,,,,,,,,,,,,,,,,,,,,,,,,,
,,,,,,,,,,,,,,,,,,,,,,,,,
,,,,,,,,,,,,,,,,,,,,,,,,,
,,,,,,,,,,,,,,,,,,,,,,,,,
,,,,,,,,,,,,,,,,,,,,,,,,,
,,,,,,,,,,,,,,,,,,,,,,,,,
,,,,,,,,,,,,,,,,,,,,,,,,,
,,,,,,,,,,,,,,,,,,,,,,,,,
,,,,,,,,,,,,,,,,,,,,,,,,,
,,,,,,,,,,,,,,,,,,,,,,,,,
,,,,,,,,,,,,,,,,,,,,,,,,,
,,,,,,,,,,,,,,,,,,,,,,,,,
,,,,,,,,,,,,,,,,,,,,,,,,,
,,,,,,,,,,,,,,,,,,,,,,,,,
,,,,,,,,,,,,,,,,,,,,,,,,,
,,,,,,,,,,,,,,,,,,,,,,,,,
,,,,,,,,,,,,,,,,,,,,,,,,,
,,,,,,,,,,,,,,,,,,,,,,,,,
,,,,,,,,,,,,,,,,,,,,,,,,,
,,,,,,,,,,,,,,,,,,,,,,,,,
,,,,,,,,,,,,,,,,,,,,,,,,,
,,,,,,,,,,,,,,,,,,,,,,,,,
,,,,,,,,,,,,,,,,,,,,,,,,,
,,,,,,,,,,,,,,,,,,,,,,,,,
,,,,,,,,,,,,,,,,,,,,,,,,,
,,,,,,,,,,,,,,,,,,,,,,,,,
,,,,,,,,,,,,,,,,,,,,,,,,,
,,,,,,,,,,,,,,,,,,,,,,,,,
,,,,,,,,,,,,,,,,,,,,,,,,,
,,,,,,,,,,,,,,,,,,,,,,,,,
,,,,,,,,,,,,,,,,,,,,,,,,,
,,,,,,,,,,,,,,,,,,,,,,,,,
,,,,,,,,,,,,,,,,,,,,,,,,,
,,,,,,,,,,,,,,,,,,,,,,,,,
,,,,,,,,,,,,,,,,,,,,,,,,,
,,,,,,,,,,,,,,,,,,,,,,,,,
,,,,,,,,,,,,,,,,,,,,,,,,,
,,,,,,,,,,,,,,,,,,,,,,,,,
,,,,,,,,,,,,,,,,,,,,,,,,,
,,,,,,,,,,,,,,,,,,,,,,,,,
,,,,,,,,,,,,,,,,,,,,,,,,,
,,,,,,,,,,,,,,,,,,,,,,,,,
,,,,,,,,,,,,,,,,,,,,,,,,,
,,,,,,,,,,,,,,,,,,,,,,,,,
,,,,,,,,,,,,,,,,,,,,,,,,,
,,,,,,,,,,,,,,,,,,,,,,,,,
,,,,,,,,,,,,,,,,,,,,,,,,,
,,,,,,,,,,,,,,,,,,,,,,,,,
,,,,,,,,,,,,,,,,,,,,,,,,,
,,,,,,,,,,,,,,,,,,,,,,,,,
,,,,,,,,,,,,,,,,,,,,,,,,,
,,,,,,,,,,,,,,,,,,,,,,,,,
,,,,,,,,,,,,,,,,,,,,,,,,,
,,,,,,,,,,,,,,,,,,,,,,,,,
,,,,,,,,,,,,,,,,,,,,,,,,,
,,,,,,,,,,,,,,,,,,,,,,,,,
,,,,,,,,,,,,,,,,,,,,,,,,,
,,,,,,,,,,,,,,,,,,,,,,,,,
,,,,,,,,,,,,,,,,,,,,,,,,,
,,,,,,,,,,,,,,,,,,,,,,,,,
,,,,,,,,,,,,,,,,,,,,,,,,,
,,,,,,,,,,,,,,,,,,,,,,,,,
,,,,,,,,,,,,,,,,,,,,,,,,,
,,,,,,,,,,,,,,,,,,,,,,,,,
,,,,,,,,,,,,,,,,,,,,,,,,,
,,,,,,,,,,,,,,,,,,,,,,,,,
,,,,,,,,,,,,,,,,,,,,,,,,,
,,,,,,,,,,,,,,,,,,,,,,,,,
,,,,,,,,,,,,,,,,,,,,,,,,,
,,,,,,,,,,,,,,,,,,,,,,,,,
,,,,,,,,,,,,,,,,,,,,,,,,,
,,,,,,,,,,,,,,,,,,,,,,,,,
,,,,,,,,,,,,,,,,,,,,,,,,,
,,,,,,,,,,,,,,,,,,,,,,,,,
,,,,,,,,,,,,,,,,,,,,,,,,,
,,,,,,,,,,,,,,,,,,,,,,,,,
,,,,,,,,,,,,,,,,,,,,,,,,,
,,,,,,,,,,,,,,,,,,,,,,,,,
,,,,,,,,,,,,,,,,,,,,,,,,,
,,,,,,,,,,,,,,,,,,,,,,,,,
,,,,,,,,,,,,,,,,,,,,,,,,,
,,,,,,,,,,,,,,,,,,,,,,,,,
,,,,,,,,,,,,,,,,,,,,,,,,,
,,,,,,,,,,,,,,,,,,,,,,,,,
,,,,,,,,,,,,,,,,,,,,,,,,,
,,,,,,,,,,,,,,,,,,,,,,,,,
,,,,,,,,,,,,,,,,,,,,,,,,,
,,,,,,,,,,,,,,,,,,,,,,,,,
,,,,,,,,,,,,,,,,,,,,,,,,,
,,,,,,,,,,,,,,,,,,,,,,,,,
,,,,,,,,,,,,,,,,,,,,,,,,,
,,,,,,,,,,,,,,,,,,,,,,,,,
,,,,,,,,,,,,,,,,,,,,,,,,,
,,,,,,,,,,,,,,,,,,,,,,,,,
,,,,,,,,,,,,,,,,,,,,,,,,,
,,,,,,,,,,,,,,,,,,,,,,,,,
,,,,,,,,,,,,,,,,,,,,,,,,,
,,,,,,,,,,,,,,,,,,,,,,,,,
,,,,,,,,,,,,,,,,,,,,,,,,,
,,,,,,,,,,,,,,,,,,,,,,,,,
,,,,,,,,,,,,,,,,,,,,,,,,,
,,,,,,,,,,,,,,,,,,,,,,,,,
,,,,,,,,,,,,,,,,,,,,,,,,,
,,,,,,,,,,,,,,,,,,,,,,,,,
,,,,,,,,,,,,,,,,,,,,,,,,,
,,,,,,,,,,,,,,,,,,,,,,,,,
,,,,,,,,,,,,,,,,,,,,,,,,,
,,,,,,,,,,,,,,,,,,,,,,,,,
,,,,,,,,,,,,,,,,,,,,,,,,,
,,,,,,,,,,,,,,,,,,,,,,,,,
,,,,,,,,,,,,,,,,,,,,,,,,,
,,,,,,,,,,,,,,,,,,,,,,,,,
,,,,,,,,,,,,,,,,,,,,,,,,,
,,,,,,,,,,,,,,,,,,,,,,,,,
,,,,,,,,,,,,,,,,,,,,,,,,,
,,,,,,,,,,,,,,,,,,,,,,,,,
,,,,,,,,,,,,,,,,,,,,,,,,,
,,,,,,,,,,,,,,,,,,,,,,,,,
,,,,,,,,,,,,,,,,,,,,,,,,,
,,,,,,,,,,,,,,,,,,,,,,,,,
,,,,,,,,,,,,,,,,,,,,,,,,,
,,,,,,,,,,,,,,,,,,,,,,,,,
,,,,,,,,,,,,,,,,,,,,,,,,,
,,,,,,,,,,,,,,,,,,,,,,,,,
,,,,,,,,,,,,,,,,,,,,,,,,,
,,,,,,,,,,,,,,,,,,,,,,,,,
,,,,,,,,,,,,,,,,,,,,,,,,,
,,,,,,,,,,,,,,,,,,,,,,,,,
,,,,,,,,,,,,,,,,,,,,,,,,,
,,,,,,,,,,,,,,,,,,,,,,,,,
,,,,,,,,,,,,,,,,,,,,,,,,,
,,,,,,,,,,,,,,,,,,,,,,,,,
,,,,,,,,,,,,,,,,,,,,,,,,,
,,,,,,,,,,,,,,,,,,,,,,,,,
,,,,,,,,,,,,,,,,,,,,,,,,,
,,,,,,,,,,,,,,,,,,,,,,,,,
,,,,,,,,,,,,,,,,,,,,,,,,,
,,,,,,,,,,,,,,,,,,,,,,,,,
,,,,,,,,,,,,,,,,,,,,,,,,,
,,,,,,,,,,,,,,,,,,,,,,,,,
,,,,,,,,,,,,,,,,,,,,,,,,,
,,,,,,,,,,,,,,,,,,,,,,,,,
,,,,,,,,,,,,,,,,,,,,,,,,,
,,,,,,,,,,,,,,,,,,,,,,,,,
,,,,,,,,,,,,,,,,,,,,,,,,,
,,,,,,,,,,,,,,,,,,,,,,,,,
,,,,,,,,,,,,,,,,,,,,,,,,,
,,,,,,,,,,,,,,,,,,,,,,,,,
,,,,,,,,,,,,,,,,,,,,,,,,,
,,,,,,,,,,,,,,,,,,,,,,,,,
,,,,,,,,,,,,,,,,,,,,,,,,,
,,,,,,,,,,,,,,,,,,,,,,,,,
,,,,,,,,,,,,,,,,,,,,,,,,,
,,,,,,,,,,,,,,,,,,,,,,,,,
,,,,,,,,,,,,,,,,,,,,,,,,,
,,,,,,,,,,,,,,,,,,,,,,,,,
,,,,,,,,,,,,,,,,,,,,,,,,,
,,,,,,,,,,,,,,,,,,,,,,,,,
,,,,,,,,,,,,,,,,,,,,,,,,,
,,,,,,,,,,,,,,,,,,,,,,,,,
,,,,,,,,,,,,,,,,,,,,,,,,,
,,,,,,,,,,,,,,,,,,,,,,,,,
,,,,,,,,,,,,,,,,,,,,,,,,,
,,,,,,,,,,,,,,,,,,,,,,,,,
,,,,,,,,,,,,,,,,,,,,,,,,,
,,,,,,,,,,,,,,,,,,,,,,,,,
,,,,,,,,,,,,,,,,,,,,,,,,,
,,,,,,,,,,,,,,,,,,,,,,,,,
,,,,,,,,,,,,,,,,,,,,,,,,,
,,,,,,,,,,,,,,,,,,,,,,,,,
,,,,,,,,,,,,,,,,,,,,,,,,,
,,,,,,,,,,,,,,,,,,,,,,,,,
,,,,,,,,,,,,,,,,,,,,,,,,,
,,,,,,,,,,,,,,,,,,,,,,,,,
,,,,,,,,,,,,,,,,,,,,,,,,,
,,,,,,,,,,,,,,,,,,,,,,,,,
,,,,,,,,,,,,,,,,,,,,,,,,,
,,,,,,,,,,,,,,,,,,,,,,,,,
,,,,,,,,,,,,,,,,,,,,,,,,,
,,,,,,,,,,,,,,,,,,,,,,,,,
,,,,,,,,,,,,,,,,,,,,,,,,,
,,,,,,,,,,,,,,,,,,,,,,,,,
,,,,,,,,,,,,,,,,,,,,,,,,,
,,,,,,,,,,,,,,,,,,,,,,,,,
,,,,,,,,,,,,,,,,,,,,,,,,,
,,,,,,,,,,,,,,,,,,,,,,,,,
,,,,,,,,,,,,,,,,,,,,,,,,,
,,,,,,,,,,,,,,,,,,,,,,,,,
,,,,,,,,,,,,,,,,,,,,,,,,,